pk_episode,episode
0,01x01 - Pilot
1,01x02 - Diversity Day
2,01x03 - Health Care
3,01x04 - The Alliance
4,01x05 - Basketball
5,01x06 - Hot Girl
6,01x99 - Deleted Scenes from Season 1
7,02x01 - The Dundies
8,02x02 - Sexual Harassment
9,02x03 - Office Olympics
10,02x04 - The Fire
11,02x05 - Halloween
12,02x06 - The Fight
13,02x07 - The Client
14,02x08 - Performance Review
15,02x09 - E-Mail Surveillance
16,02x10 - Christmas Party
17,02x11 - Booze Cruise
18,02x12 - The Injury
19,02x13 - The Secret
20,02x14 - The Carpet
21,02x15 - Boys & Girls
22,02x16 - Valentine's Day
23,02x17 - Dwight's Speech
24,02x18 - Take Your Daughter to Work Day
25,02x19 - Michael's Birthday
26,02x20 - Drug Testing
27,02x21 - Conflict Resolution
28,02x22 - Casino Night
29,02x99 - Deleted Scenes from Season 2
30,03x00 - The Accountants Webisodes 1-10
31,03x01 - Gay Witch Hunt
32,03x02 - The Convention
33,03x03 - The Coup
34,03x04 - Grief Counseling
35,03x05 - Initiation
36,03x06 - Diwali
37,03x07 - Branch Closing
38,03x08 - The Merger
39,03x09 - The Convict
40,03x10/11 - A Benihana Christmas (Parts 1&2)
41,03x12 - Back from Vacation
42,03x13 - Traveling Salesmen
43,03x14 - The Return
44,03x15 - Ben Franklin
45,03x16 - Phyllis' Wedding
46,03x17 - Business School
47,03x18 - Cocktails
48,03x19 - The Negotiation
49,03x20 - Safety Training
50,03x21 - Product Recall
51,03x22 - Women's Appreciation
52,03x23 - Beach Games
53,03x24/25 - The Job (Parts 1&2)
54,03x99 - Deleted Scenes from Season 3
55,04x01/02 - Fun Run (Parts 1&2)
56,04x03/04 - Dunder Mifflin Infinity (Parts 1&2)
57,04x05/06 - Launch Party (Parts 1&2)
58,04x07/08 - Money (Parts 1&2)
59,04x09 - Local Ad
60,04x10 - Branch Wars
61,04x11 - Survivor Man
62,04x12 - The Deposition
63,04x13 - Dinner Party
64,04x14 - Chair Model
65,04x15 - Night Out
66,04x16 - Did I Stutter?
67,04x17 - Job Fair
68,"04x18/19 - Goodbye, Toby (Parts 1&2)"
69,04x99 - Deleted Scenes from Season 4
70,05x00 - Kevin's Loan Webisodes 1-4
71,05x01/02 - Weight Loss (Parts 1&2)
72,05x03 - Business Ethics
73,05x04 - Baby Shower
74,05x05 - Crime Aid
75,05x06 - Employee Transfer
76,05x07 - Customer Survey
77,05x08 - Business Trip
78,05x09 - Frame Toby
79,05x10 - The Surplus
80,05x11 - Moroccan Christmas
81,05x12 - The Duel
82,05x13 - Prince Family Paper
83,05x14/15 - Stress Relief (Parts 1&2)
84,05x16 - Lecture Circuit (Part 1)
85,05x17 - Lecture Circuit (Part 2)
86,05x18 - Blood Drive
87,05x19 - Golden Ticket
88,05x20 - New Boss
89,05x21 - Two Weeks
90,05x22 - Dream Team
91,05x23 - The Michael Scott Paper Company
92,05x24 - Heavy Competition
93,05x25 - Broke
94,05x26 - Casual Friday
95,05x27 - Cafe Disco
96,05x28 - Company Picnic
97,05x29 - 100 Episodes 100 Moments
98,05x30 - Gag Reel
99,05x99 - Deleted Scenes from Season 5
100,06x00 - Subtle Sexuality Webisodes 1-3
101,06x01 - Gossip
102,06x02 - The Meeting
103,06x03 - The Promotion
104,06x04/05 - Niagara (Parts 1&2)
105,06x06 - Mafia
106,06x07 - The Lover
107,06x08 - Koi Pond
108,06x09 - Double Date
109,06x10 - Murder
110,06x11 - Shareholder Meeting
111,06x12 - Scott's Tots
112,06x13 - Secret Santa
113,06x14 - The Banker
114,06x15 - Sabre
115,06x16 - The Manager and the Salesman
116,06x17/18 - The Delivery (Parts 1&2)
117,06x19 - St. Patrick's Day
118,06x20 - New Leads
119,06x21 - Happy Hour
120,06x22 - Secretary's Day
121,06x23 - Body Language
122,06x24 - The Cover-Up
123,06x25 - The Chump
124,06x26 - Whistleblower
125,07x00 - The 3rd Floor Webisodes 1-3
126,07x01 - Nepotism
127,07x02 - Counseling
128,07x03 - Andy's Play
129,07x04 - s*x Ed
130,07x05 - The Sting
131,07x06 - Costume Contest
132,07x07 - Christening
133,07x08 - Viewing Party
134,07x09 - WUPHF.com
135,07x10 - China
136,07x11/12 - Classy Christmas (Parts 1&2)
137,07x13 - Ultimatum
138,07x14 - The Seminar
139,07x15 - The Search
140,07x16 - PDA
141,07x17 - Threat Level Midnight
142,07x18 - Todd Packer
143,07x19 - Garage Sale
144,07x20 - Training Day
145,07x21 - Michael's Last Dundies
146,"07x22 - Goodbye, Michael"
147,07x23 - The Inner Circle
148,"07x24 - Dwight K. Schrute, (Acting) Manager"
149,07x25/26 - Search Committee (Parts 1&2)
150,08x01 - The List
151,08x02 - The Incentive
152,08x03 - Lotto
153,08x04 - Garden Party
154,08x05 - Spooked
155,08x06 - Doomsday
156,08x07 - Pam's Replacement
157,08x08 - Gettysburg
158,08x09 - Mrs. California
159,08x10 - Christmas Wishes
160,08x11 - Trivia
161,08x12 - Pool Party
162,08x13 - Jury Duty
163,08x14 - Special Project
164,08x15 - Tallahassee
165,08x16 - After Hours
166,08x17 - Test The Store
167,08x18 - Last Day In Florida
168,08x19 - Get The Girl
169,08x20 - Welcome Party
170,08x21 - Angry Andy
171,08x22 - Fundraiser
172,08x23 - Turf War
173,08x24 - Free Family Portrait Studio
174,08x99 - Deleted Scenes from Season 8
175,09x01 - The New Guys
176,09x02 - Roy's Wedding
177,09x03 - Andy's Ancestry
178,09x04 - Work Bus
179,09x05 - Here Comes Treble
180,09x06 - The Boat
181,09x07 - The Whale
182,09x08 - The Target
183,09x09 - Dwight Christmas
184,09x10 - Lice
185,09x11 - Suit Warehouse
186,09x12 - Customer Loyalty
187,09x13 - Junior Salesman
188,09x14 - Vandalism
189,09x15 - Couples Discount
190,09x16 - Moving On
191,09x17 - The Farm
192,09x18 - Promos
193,09x19 - Stairmageddon
194,09x20 - Paper Airplane
195,09x21 - Livin' the Dream
196,09x22/23 - A.A.R.M
197,09x24/25 - Finale
198,09x26 - Retrospective
